"2017-01-30 07:58:30",START:Entrance|Entering
"2017-01-30 08:01:44",STOP:Entrance|Entering
"2017-01-30 08:01:52",START:Staircase|Going_up
"2017-01-30 08:02:11",STOP:Staircase|Going_up
"2017-01-30 08:02:25",START:Bathroom|Showering
"2017-01-30 08:18:12",STOP:Bathroom|Showering
"2017-01-30 08:18:17",START:Bathroom|Using_the_sink
"2017-01-30 08:22:39",STOP:Bathroom|Using_the_sink
"2017-01-30 08:22:53",START:Staircase|Going_down
"2017-01-30 08:23:10",STOP:Staircase|Going_down
"2017-01-30 08:23:25",START:Living_room|Watching_TV
"2017-01-30 08:45:24",STOP:Living_room|Watching_TV
"2017-01-30 08:45:32",START:Toilet|Using_the_toilet
"2017-01-30 08:48:04",STOP:Toilet|Using_the_toilet
"2017-01-30 08:48:11",START:Staircase|Going_up
"2017-01-30 08:48:35",STOP:Staircase|Going_up
"2017-01-30 08:48:41",START:Office|Computing
"2017-01-30 11:45:44",STOP:Office|Computing
"2017-01-30 11:45:45",START:Staircase|Going_down
"2017-01-30 11:46:05",STOP:Staircase|Going_down
"2017-01-30 11:46:21",START:Kitchen|Preparing
"2017-01-30 11:48:54",STOP:Kitchen|Preparing
"2017-01-30 11:48:57",START:Kitchen|Cooking
"2017-01-30 12:02:12",STOP:Kitchen|Cooking
"2017-01-30 12:02:22",START:Living_room|Eating
"2017-01-30 12:16:51",STOP:Living_room|Eating
"2017-01-30 12:16:59",START:Kitchen|Washing_the_dishes
"2017-01-30 12:25:00",STOP:Kitchen|Washing_the_dishes
"2017-01-30 12:25:11",START:Living_room|Cleaning
"2017-01-30 12:26:13",STOP:Living_room|Cleaning
"2017-01-30 12:26:38",START:Living_room|Computing
"2017-01-30 12:51:26",STOP:Living_room|Computing
"2017-01-30 12:51:44",START:Staircase|Going_up
"2017-01-30 12:52:01",STOP:Staircase|Going_up
"2017-01-30 12:52:30",START:Bathroom|Using_the_sink
"2017-01-30 12:55:20",STOP:Bathroom|Using_the_sink
"2017-01-30 12:55:32",START:Bedroom|Dressing
"2017-01-30 12:56:32",STOP:Bedroom|Dressing
"2017-01-30 12:56:38",START:Bedroom|Reading
"2017-01-30 13:32:48",STOP:Bedroom|Reading
"2017-01-30 13:33:38",START:Bedroom|Napping
"2017-01-30 13:50:22",STOP:Bedroom|Napping
"2017-01-30 13:50:31",START:Bedroom|Dressing
"2017-01-30 13:51:34",STOP:Bedroom|Dressing
"2017-01-30 13:51:44",START:Office|Computing
"2017-01-30 14:53:34",STOP:Office|Computing
"2017-01-30 14:53:47",START:Bathroom|Using_the_toilet
"2017-01-30 14:57:22",STOP:Bathroom|Using_the_toilet
"2017-01-30 14:57:29",START:Office|Computing
"2017-01-30 16:44:52",STOP:Office|Computing
"2017-01-30 16:45:11",START:Office|Watching_TV
"2017-01-30 16:58:19",STOP:Office|Watching_TV
"2017-01-30 16:58:28",START:Staircase|Going_down
"2017-01-30 16:58:44",STOP:Staircase|Going_down
"2017-01-30 16:58:50",START:Entrance|Leaving
"2017-01-30 17:00:03",STOP:Entrance|Leaving
"2017-01-31 08:08:35",START:Entrance|Entering
"2017-01-31 08:10:43",STOP:Entrance|Entering
"2017-01-31 08:10:48",START:Staircase|Going_up
"2017-01-31 08:11:07",STOP:Staircase|Going_up
"2017-01-31 08:11:15",START:Bathroom|Showering
"2017-01-31 08:24:55",STOP:Bathroom|Showering
"2017-01-31 08:25:03",START:Bathroom|Using_the_sink
"2017-01-31 08:28:07",STOP:Bathroom|Using_the_sink
"2017-01-31 08:28:29",START:Staircase|Going_down
"2017-01-31 08:28:49",STOP:Staircase|Going_down
"2017-01-31 08:28:56",START:Living_room|Watching_TV
"2017-01-31 08:51:51",STOP:Living_room|Watching_TV
"2017-01-31 08:51:56",START:Staircase|Going_up
"2017-01-31 08:52:09",STOP:Staircase|Going_up
"2017-01-31 08:52:15",START:Office|Computing
"2017-01-31 11:43:27",STOP:Office|Computing
"2017-01-31 11:43:34",START:Staircase|Going_down
"2017-01-31 11:44:01",STOP:Staircase|Going_down
"2017-01-31 11:45:05",START:Kitchen|Preparing
"2017-01-31 11:46:41",STOP:Kitchen|Preparing
"2017-01-31 11:46:47",START:Kitchen|Cooking
"2017-01-31 11:55:52",STOP:Kitchen|Cooking
"2017-01-31 11:56:00",START:Living_room|Eating
"2017-01-31 12:07:26",STOP:Living_room|Eating
"2017-01-31 12:07:55",START:Kitchen|Washing_the_dishes
"2017-01-31 12:14:27",STOP:Kitchen|Washing_the_dishes
"2017-01-31 12:14:40",START:Living_room|Cleaning
"2017-01-31 12:15:23",STOP:Living_room|Cleaning
"2017-01-31 12:15:30",START:Living_room|Computing
"2017-01-31 12:47:32",STOP:Living_room|Computing
"2017-01-31 12:47:40",START:Staircase|Going_up
"2017-01-31 12:48:16",STOP:Staircase|Going_up
"2017-01-31 12:48:21",START:Bathroom|Using_the_sink
"2017-01-31 12:50:52",STOP:Bathroom|Using_the_sink
"2017-01-31 12:51:05",START:Bedroom|Dressing
"2017-01-31 12:52:00",STOP:Bedroom|Dressing
"2017-01-31 12:52:08",START:Bedroom|Reading
"2017-01-31 13:23:09",STOP:Bedroom|Reading
"2017-01-31 13:23:20",START:Bedroom|Napping
"2017-01-31 13:47:08",STOP:Bedroom|Napping
"2017-01-31 13:47:15",START:Bedroom|Dressing
"2017-01-31 13:48:14",STOP:Bedroom|Dressing
"2017-01-31 13:48:24",START:Bathroom|Using_the_toilet
"2017-01-31 13:50:40",STOP:Bathroom|Using_the_toilet
"2017-01-31 13:50:51",START:Office|Computing
"2017-01-31 16:47:09",STOP:Office|Computing
"2017-01-31 16:47:18",START:Office|Watching_TV
"2017-01-31 16:56:09",STOP:Office|Watching_TV
"2017-01-31 16:56:17",START:Staircase|Going_down
"2017-01-31 16:56:36",STOP:Staircase|Going_down
"2017-01-31 16:56:42",START:Entrance|Leaving
"2017-01-31 16:57:54",STOP:Entrance|Leaving
"2017-02-01 08:06:37",START:Entrance|Entering
"2017-02-01 08:08:17",STOP:Entrance|Entering
"2017-02-01 08:08:22",START:Toilet|Using_the_toilet
"2017-02-01 08:09:53",STOP:Toilet|Using_the_toilet
"2017-02-01 08:10:03",START:Staircase|Going_up
"2017-02-01 08:10:23",STOP:Staircase|Going_up
"2017-02-01 08:10:30",START:Bathroom|Showering
"2017-02-01 08:25:37",STOP:Bathroom|Showering
"2017-02-01 08:25:41",START:Bathroom|Using_the_sink
"2017-02-01 08:27:55",STOP:Bathroom|Using_the_sink
"2017-02-01 08:28:03",START:Staircase|Going_down
"2017-02-01 08:28:27",STOP:Staircase|Going_down
"2017-02-01 08:28:51",START:Living_room|Watching_TV
"2017-02-01 08:56:20",STOP:Living_room|Watching_TV
"2017-02-01 08:56:31",START:Staircase|Going_up
"2017-02-01 08:56:53",STOP:Staircase|Going_up
"2017-02-01 08:57:51",START:Office|Computing
"2017-02-01 09:32:51",STOP:Office|Computing
"2017-02-01 09:33:03",START:Bathroom|Using_the_toilet
"2017-02-01 09:35:01",STOP:Bathroom|Using_the_toilet
"2017-02-01 09:35:11",START:Office|Computing
"2017-02-01 11:41:38",STOP:Office|Computing
"2017-02-01 11:41:49",START:Staircase|Going_down
"2017-02-01 11:42:07",STOP:Staircase|Going_down
"2017-02-01 11:42:43",START:Kitchen|Preparing
"2017-02-01 11:44:12",STOP:Kitchen|Preparing
"2017-02-01 11:44:18",START:Kitchen|Cooking
"2017-02-01 11:53:40",STOP:Kitchen|Cooking
"2017-02-01 11:53:51",START:Living_room|Eating
"2017-02-01 12:07:24",STOP:Living_room|Eating
"2017-02-01 12:07:32",START:Kitchen|Washing_the_dishes
"2017-02-01 12:13:10",STOP:Kitchen|Washing_the_dishes
"2017-02-01 12:13:20",START:Living_room|Cleaning
"2017-02-01 12:14:15",STOP:Living_room|Cleaning
"2017-02-01 12:14:38",START:Living_room|Computing
"2017-02-01 12:47:21",STOP:Living_room|Computing
"2017-02-01 12:47:59",START:Staircase|Going_up
"2017-02-01 12:48:15",STOP:Staircase|Going_up
"2017-02-01 12:48:37",START:Bathroom|Using_the_sink
"2017-02-01 12:50:49",STOP:Bathroom|Using_the_sink
"2017-02-01 12:50:58",START:Bedroom|Dressing
"2017-02-01 12:51:44",STOP:Bedroom|Dressing
"2017-02-01 12:51:50",START:Bedroom|Reading
"2017-02-01 13:31:29",STOP:Bedroom|Reading
"2017-02-01 13:31:36",START:Bedroom|Napping
"2017-02-01 13:55:12",STOP:Bedroom|Napping
"2017-02-01 13:55:18",START:Bedroom|Dressing
"2017-02-01 13:56:23",STOP:Bedroom|Dressing
"2017-02-01 13:56:47",START:Office|Computing
"2017-02-01 16:41:18",STOP:Office|Computing
"2017-02-01 16:41:22",START:Office|Watching_TV
"2017-02-01 17:01:44",STOP:Office|Watching_TV
"2017-02-01 17:01:52",START:Staircase|Going_down
"2017-02-01 17:02:15",STOP:Staircase|Going_down
"2017-02-01 17:02:22",START:Entrance|Leaving
"2017-02-01 17:03:25",STOP:Entrance|Leaving
"2017-02-02 08:01:57",START:Entrance|Entering
"2017-02-02 08:03:21",STOP:Entrance|Entering
"2017-02-02 08:03:26",START:Staircase|Going_up
"2017-02-02 08:03:44",STOP:Staircase|Going_up
"2017-02-02 08:03:57",START:Bathroom|Showering
"2017-02-02 08:20:22",STOP:Bathroom|Showering
"2017-02-02 08:20:32",START:Bathroom|Using_the_sink
"2017-02-02 08:22:31",STOP:Bathroom|Using_the_sink
"2017-02-02 08:22:45",START:Staircase|Going_down
"2017-02-02 08:23:07",STOP:Staircase|Going_down
"2017-02-02 08:23:13",START:Living_room|Watching_TV
"2017-02-02 08:50:33",STOP:Living_room|Watching_TV
"2017-02-02 08:50:38",START:Staircase|Going_up
"2017-02-02 08:50:55",STOP:Staircase|Going_up
"2017-02-02 08:51:00",START:Office|Computing
"2017-02-02 11:47:17",STOP:Office|Computing
"2017-02-02 11:47:32",START:Staircase|Going_down
"2017-02-02 11:47:48",STOP:Staircase|Going_down
"2017-02-02 11:48:17",START:Kitchen|Preparing
"2017-02-02 11:49:50",STOP:Kitchen|Preparing
"2017-02-02 11:50:11",START:Kitchen|Cooking
"2017-02-02 12:03:32",STOP:Kitchen|Cooking
"2017-02-02 12:03:46",START:Living_room|Eating
"2017-02-02 12:16:43",STOP:Living_room|Eating
"2017-02-02 12:16:52",START:Kitchen|Washing_the_dishes
"2017-02-02 12:23:36",STOP:Kitchen|Washing_the_dishes
"2017-02-02 12:23:43",START:Living_room|Cleaning
"2017-02-02 12:24:41",STOP:Living_room|Cleaning
"2017-02-02 12:24:51",START:Living_room|Computing
"2017-02-02 12:48:05",STOP:Living_room|Computing
"2017-02-02 12:48:11",START:Staircase|Going_up
"2017-02-02 12:48:52",STOP:Staircase|Going_up
"2017-02-02 12:48:59",START:Bathroom|Using_the_sink
"2017-02-02 12:51:23",STOP:Bathroom|Using_the_sink
"2017-02-02 12:51:40",START:Bedroom|Dressing
"2017-02-02 12:52:29",STOP:Bedroom|Dressing
"2017-02-02 12:52:37",START:Bedroom|Reading
"2017-02-02 13:20:03",STOP:Bedroom|Reading
"2017-02-02 13:20:09",START:Bedroom|Napping
"2017-02-02 13:47:51",STOP:Bedroom|Napping
"2017-02-02 13:47:55",START:Bedroom|Dressing
"2017-02-02 13:49:01",STOP:Bedroom|Dressing
"2017-02-02 13:49:06",START:Office|Computing
"2017-02-02 16:36:51",STOP:Office|Computing
"2017-02-02 16:36:55",START:Office|Watching_TV
"2017-02-02 16:55:51",STOP:Office|Watching_TV
"2017-02-02 16:56:03",START:Staircase|Going_down
"2017-02-02 16:56:22",STOP:Staircase|Going_down
"2017-02-02 16:56:28",START:Entrance|Leaving
"2017-02-02 16:57:23",STOP:Entrance|Leaving
"2017-02-03 07:58:01",START:Entrance|Entering
"2017-02-03 07:59:17",STOP:Entrance|Entering
"2017-02-03 07:59:22",START:Staircase|Going_up
"2017-02-03 07:59:40",STOP:Staircase|Going_up
"2017-02-03 07:59:45",START:Bathroom|Showering
"2017-02-03 08:19:32",STOP:Bathroom|Showering
"2017-02-03 08:19:38",START:Bathroom|Using_the_sink
"2017-02-03 08:21:26",STOP:Bathroom|Using_the_sink
"2017-02-03 08:21:35",START:Staircase|Going_down
"2017-02-03 08:21:56",STOP:Staircase|Going_down
"2017-02-03 08:22:02",START:Living_room|Watching_TV
"2017-02-03 08:56:08",STOP:Living_room|Watching_TV
"2017-02-03 08:56:16",START:Staircase|Going_up
"2017-02-03 08:56:34",STOP:Staircase|Going_up
"2017-02-03 08:56:48",START:Office|Computing
"2017-02-03 11:46:05",STOP:Office|Computing
"2017-02-03 11:46:11",START:Staircase|Going_down
"2017-02-03 11:46:29",STOP:Staircase|Going_down
"2017-02-03 11:46:45",START:Kitchen|Preparing
"2017-02-03 11:48:00",STOP:Kitchen|Preparing
"2017-02-03 11:48:04",START:Kitchen|Cooking
"2017-02-03 11:58:48",STOP:Kitchen|Cooking
"2017-02-03 11:58:58",START:Living_room|Eating
"2017-02-03 12:11:29",STOP:Living_room|Eating
"2017-02-03 12:11:34",START:Kitchen|Washing_the_dishes
"2017-02-03 12:16:00",STOP:Kitchen|Washing_the_dishes
"2017-02-03 12:16:05",START:Living_room|Cleaning
"2017-02-03 12:17:28",STOP:Living_room|Cleaning
"2017-02-03 12:17:33",START:Kitchen|Cleaning
"2017-02-03 12:18:41",STOP:Kitchen|Cleaning
"2017-02-03 12:19:14",START:Staircase|Going_up
"2017-02-03 12:19:41",STOP:Staircase|Going_up
"2017-02-03 12:19:47",START:Bathroom|Using_the_sink
"2017-02-03 12:21:34",STOP:Bathroom|Using_the_sink
"2017-02-03 12:21:40",START:Bathroom|Cleaning
"2017-02-03 12:24:04",STOP:Bathroom|Cleaning
"2017-02-03 12:24:12",START:Bedroom|Cleaning
"2017-02-03 12:26:26",STOP:Bedroom|Cleaning
"2017-02-03 12:26:35",START:Office|Computing
"2017-02-03 16:47:01",STOP:Office|Computing
"2017-02-03 16:47:09",START:Office|Cleaning
"2017-02-03 16:49:44",STOP:Office|Cleaning
"2017-02-03 16:49:51",START:Staircase|Going_down
"2017-02-03 16:50:08",STOP:Staircase|Going_down
"2017-02-03 16:50:13",START:Entrance|Leaving
"2017-02-03 16:51:09",STOP:Entrance|Leaving
"2017-02-06 07:57:49",START:Entrance|Entering
"2017-02-06 08:00:06",STOP:Entrance|Entering
"2017-02-06 08:00:09",START:Staircase|Going_up
"2017-02-06 08:00:24",STOP:Staircase|Going_up
"2017-02-06 08:00:29",START:Bathroom|Showering
"2017-02-06 08:20:32",STOP:Bathroom|Showering
"2017-02-06 08:20:36",START:Bathroom|Using_the_sink
"2017-02-06 08:24:14",STOP:Bathroom|Using_the_sink
"2017-02-06 08:24:20",START:Staircase|Going_down
"2017-02-06 08:24:43",STOP:Staircase|Going_down
"2017-02-06 08:24:52",START:Living_room|Watching_TV
"2017-02-06 08:58:01",STOP:Living_room|Watching_TV
"2017-02-06 08:58:06",START:Staircase|Going_up
"2017-02-06 08:58:21",STOP:Staircase|Going_up
"2017-02-06 08:58:25",START:Office|Computing
"2017-02-06 11:49:51",STOP:Office|Computing
"2017-02-06 11:49:59",START:Staircase|Going_down
"2017-02-06 11:50:15",STOP:Staircase|Going_down
"2017-02-06 11:50:25",START:Kitchen|Preparing
"2017-02-06 11:51:56",STOP:Kitchen|Preparing
"2017-02-06 11:51:59",START:Kitchen|Cooking
"2017-02-06 12:02:10",STOP:Kitchen|Cooking
"2017-02-06 12:02:24",START:Living_room|Eating
"2017-02-06 12:16:50",STOP:Living_room|Eating
"2017-02-06 12:16:55",START:Kitchen|Washing_the_dishes
"2017-02-06 12:23:31",STOP:Kitchen|Washing_the_dishes
"2017-02-06 12:23:41",START:Living_room|Cleaning
"2017-02-06 12:25:02",STOP:Living_room|Cleaning
"2017-02-06 12:25:11",START:Living_room|Computing
"2017-02-06 12:48:21",STOP:Living_room|Computing
"2017-02-06 12:48:26",START:Staircase|Going_up
"2017-02-06 12:48:59",STOP:Staircase|Going_up
"2017-02-06 12:49:05",START:Bathroom|Using_the_sink
"2017-02-06 12:52:35",STOP:Bathroom|Using_the_sink
"2017-02-06 12:52:42",START:Bedroom|Dressing
"2017-02-06 12:53:37",STOP:Bedroom|Dressing
"2017-02-06 12:53:41",START:Bedroom|Reading
"2017-02-06 13:23:26",STOP:Bedroom|Reading
"2017-02-06 13:23:34",START:Bedroom|Napping
"2017-02-06 13:52:03",STOP:Bedroom|Napping
"2017-02-06 13:52:08",START:Bedroom|Dressing
"2017-02-06 13:53:16",STOP:Bedroom|Dressing
"2017-02-06 13:53:21",START:Office|Computing
"2017-02-06 15:57:31",STOP:Office|Computing
"2017-02-06 15:57:35",START:Office|Watching_TV
"2017-02-06 16:19:13",STOP:Office|Watching_TV
"2017-02-06 16:19:19",START:Staircase|Going_down
"2017-02-06 16:19:34",STOP:Staircase|Going_down
"2017-02-06 16:19:39",START:Entrance|Leaving
"2017-02-06 16:20:34",STOP:Entrance|Leaving
"2017-02-07 07:59:23",START:Entrance|Entering
"2017-02-07 08:00:49",STOP:Entrance|Entering
"2017-02-07 08:00:54",START:Staircase|Going_up
"2017-02-07 08:01:11",STOP:Staircase|Going_up
"2017-02-07 08:01:16",START:Bathroom|Showering
"2017-02-07 08:20:07",STOP:Bathroom|Showering
"2017-02-07 08:20:11",START:Bathroom|Using_the_sink
"2017-02-07 08:23:47",STOP:Bathroom|Using_the_sink
"2017-02-07 08:23:53",START:Staircase|Going_down
"2017-02-07 08:24:10",STOP:Staircase|Going_down
"2017-02-07 08:24:18",START:Living_room|Watching_TV
"2017-02-07 08:55:31",STOP:Living_room|Watching_TV
"2017-02-07 08:55:35",START:Toilet|Using_the_toilet
"2017-02-07 08:57:43",STOP:Toilet|Using_the_toilet
"2017-02-07 08:57:47",START:Staircase|Going_up
"2017-02-07 08:58:04",STOP:Staircase|Going_up
"2017-02-07 08:58:08",START:Office|Computing
"2017-02-07 11:45:35",STOP:Office|Computing
"2017-02-07 11:45:41",START:Staircase|Going_down
"2017-02-07 11:45:59",STOP:Staircase|Going_down
"2017-02-07 11:46:14",START:Kitchen|Preparing
"2017-02-07 11:48:24",STOP:Kitchen|Preparing
"2017-02-07 11:48:30",START:Kitchen|Cooking
"2017-02-07 12:04:02",STOP:Kitchen|Cooking
"2017-02-07 12:04:06",START:Living_room|Eating
"2017-02-07 12:15:27",STOP:Living_room|Eating
"2017-02-07 12:15:34",START:Kitchen|Washing_the_dishes
"2017-02-07 12:21:39",STOP:Kitchen|Washing_the_dishes
"2017-02-07 12:21:46",START:Living_room|Cleaning
"2017-02-07 12:22:46",STOP:Living_room|Cleaning
"2017-02-07 12:22:49",START:Living_room|Computing
"2017-02-07 12:50:17",STOP:Living_room|Computing
"2017-02-07 12:50:22",START:Staircase|Going_up
"2017-02-07 12:50:50",STOP:Staircase|Going_up
"2017-02-07 12:50:56",START:Bathroom|Using_the_sink
"2017-02-07 12:54:23",STOP:Bathroom|Using_the_sink
"2017-02-07 12:54:31",START:Bedroom|Dressing
"2017-02-07 12:55:17",STOP:Bedroom|Dressing
"2017-02-07 12:55:22",START:Bedroom|Reading
"2017-02-07 13:21:13",STOP:Bedroom|Reading
"2017-02-07 13:21:16",START:Bedroom|Napping
"2017-02-07 13:46:49",STOP:Bedroom|Napping
"2017-02-07 13:46:53",START:Bedroom|Dressing
"2017-02-07 13:48:18",STOP:Bedroom|Dressing
"2017-02-07 13:48:22",START:Office|Computing
"2017-02-07 14:52:10",STOP:Office|Computing
"2017-02-07 14:52:17",START:Bathroom|Using_the_toilet
"2017-02-07 14:57:26",STOP:Bathroom|Using_the_toilet
"2017-02-07 14:57:30",START:Office|Computing
"2017-02-07 16:44:19",STOP:Office|Computing
"2017-02-07 16:44:22",START:Office|Watching_TV
"2017-02-07 17:06:07",STOP:Office|Watching_TV
"2017-02-07 17:06:12",START:Staircase|Going_down
"2017-02-07 17:06:26",STOP:Staircase|Going_down
"2017-02-07 17:06:32",START:Entrance|Leaving
"2017-02-07 17:07:27",STOP:Entrance|Leaving
"2017-02-08 08:03:19",START:Entrance|Entering
"2017-02-08 08:05:08",STOP:Entrance|Entering
"2017-02-08 08:05:14",START:Staircase|Going_up
"2017-02-08 08:05:37",STOP:Staircase|Going_up
"2017-02-08 08:05:42",START:Bathroom|Showering
"2017-02-08 08:21:35",STOP:Bathroom|Showering
"2017-02-08 08:21:39",START:Bathroom|Using_the_sink
"2017-02-08 08:25:54",STOP:Bathroom|Using_the_sink
"2017-02-08 08:26:00",START:Staircase|Going_down
"2017-02-08 08:26:17",STOP:Staircase|Going_down
"2017-02-08 08:26:22",START:Living_room|Watching_TV
"2017-02-08 08:56:48",STOP:Living_room|Watching_TV
"2017-02-08 08:56:54",START:Staircase|Going_up
"2017-02-08 08:57:11",STOP:Staircase|Going_up
"2017-02-08 08:57:14",START:Office|Computing
"2017-02-08 11:52:17",STOP:Office|Computing
"2017-02-08 11:52:21",START:Staircase|Going_down
"2017-02-08 11:52:41",STOP:Staircase|Going_down
"2017-02-08 11:53:27",START:Kitchen|Preparing
"2017-02-08 11:54:31",STOP:Kitchen|Preparing
"2017-02-08 11:54:49",START:Kitchen|Cooking
"2017-02-08 12:03:34",STOP:Kitchen|Cooking
"2017-02-08 12:03:39",START:Living_room|Eating
"2017-02-08 12:13:56",STOP:Living_room|Eating
"2017-02-08 12:14:02",START:Kitchen|Washing_the_dishes
"2017-02-08 12:19:52",STOP:Kitchen|Washing_the_dishes
"2017-02-08 12:19:58",START:Living_room|Cleaning
"2017-02-08 12:20:38",STOP:Living_room|Cleaning
"2017-02-08 12:20:42",START:Toilet|Using_the_toilet
"2017-02-08 12:22:34",STOP:Toilet|Using_the_toilet
"2017-02-08 12:22:40",START:Living_room|Computing
"2017-02-08 12:49:27",STOP:Living_room|Computing
"2017-02-08 12:49:32",START:Staircase|Going_up
"2017-02-08 12:49:56",STOP:Staircase|Going_up
"2017-02-08 12:50:02",START:Bathroom|Using_the_sink
"2017-02-08 12:53:48",STOP:Bathroom|Using_the_sink
"2017-02-08 12:53:55",START:Bedroom|Dressing
"2017-02-08 12:54:59",STOP:Bedroom|Dressing
"2017-02-08 12:55:03",START:Bedroom|Reading
"2017-02-08 13:18:34",STOP:Bedroom|Reading
"2017-02-08 13:18:38",START:Bedroom|Napping
"2017-02-08 13:50:09",STOP:Bedroom|Napping
"2017-02-08 13:50:12",START:Bedroom|Dressing
"2017-02-08 13:51:27",STOP:Bedroom|Dressing
"2017-02-08 13:51:31",START:Office|Computing
"2017-02-08 16:36:39",STOP:Office|Computing
"2017-02-08 16:36:43",START:Office|Watching_TV
"2017-02-08 16:55:30",STOP:Office|Watching_TV
"2017-02-08 16:55:36",START:Staircase|Going_down
"2017-02-08 16:55:51",STOP:Staircase|Going_down
"2017-02-08 16:55:56",START:Entrance|Leaving
"2017-02-08 16:56:45",STOP:Entrance|Leaving
"2017-02-09 08:01:25",START:Entrance|Entering
"2017-02-09 08:02:49",STOP:Entrance|Entering
"2017-02-09 08:02:55",START:Staircase|Going_up
"2017-02-09 08:03:13",STOP:Staircase|Going_up
"2017-02-09 08:03:19",START:Bathroom|Showering
"2017-02-09 08:23:25",STOP:Bathroom|Showering
"2017-02-09 08:23:28",START:Bathroom|Using_the_sink
"2017-02-09 08:27:14",STOP:Bathroom|Using_the_sink
"2017-02-09 08:27:20",START:Staircase|Going_down
"2017-02-09 08:27:36",STOP:Staircase|Going_down
"2017-02-09 08:27:41",START:Living_room|Watching_TV
"2017-02-09 08:55:24",STOP:Living_room|Watching_TV
"2017-02-09 08:55:29",START:Staircase|Going_up
"2017-02-09 08:55:43",STOP:Staircase|Going_up
"2017-02-09 08:55:47",START:Office|Computing
"2017-02-09 11:49:08",STOP:Office|Computing
"2017-02-09 11:49:14",START:Staircase|Going_down
"2017-02-09 11:49:30",STOP:Staircase|Going_down
"2017-02-09 11:49:44",START:Kitchen|Preparing
"2017-02-09 11:51:17",STOP:Kitchen|Preparing
"2017-02-09 11:51:19",START:Kitchen|Cooking
"2017-02-09 12:04:52",STOP:Kitchen|Cooking
"2017-02-09 12:05:19",START:Living_room|Eating
"2017-02-09 12:14:35",STOP:Living_room|Eating
"2017-02-09 12:14:41",START:Kitchen|Washing_the_dishes
"2017-02-09 12:20:27",STOP:Kitchen|Washing_the_dishes
"2017-02-09 12:20:35",START:Living_room|Cleaning
"2017-02-09 12:21:44",STOP:Living_room|Cleaning
"2017-02-09 12:21:48",START:Living_room|Computing
"2017-02-09 12:50:27",STOP:Living_room|Computing
"2017-02-09 12:50:32",START:Staircase|Going_up
"2017-02-09 12:51:00",STOP:Staircase|Going_up
"2017-02-09 12:51:08",START:Bathroom|Using_the_sink
"2017-02-09 12:53:51",STOP:Bathroom|Using_the_sink
"2017-02-09 12:53:57",START:Bedroom|Dressing
"2017-02-09 12:54:42",STOP:Bedroom|Dressing
"2017-02-09 12:54:46",START:Bedroom|Reading
"2017-02-09 13:26:09",STOP:Bedroom|Reading
"2017-02-09 13:26:22",START:Bedroom|Napping
"2017-02-09 13:47:17",STOP:Bedroom|Napping
"2017-02-09 13:47:21",START:Bedroom|Dressing
"2017-02-09 13:48:13",STOP:Bedroom|Dressing
"2017-02-09 13:48:16",START:Office|Computing
"2017-02-09 16:39:14",STOP:Office|Computing
"2017-02-09 16:39:18",START:Office|Watching_TV
"2017-02-09 17:00:16",STOP:Office|Watching_TV
"2017-02-09 17:00:20",START:Staircase|Going_down
"2017-02-09 17:00:34",STOP:Staircase|Going_down
"2017-02-09 17:00:39",START:Entrance|Leaving
"2017-02-09 17:01:23",STOP:Entrance|Leaving
"2017-02-10 08:09:20",START:Entrance|Entering
"2017-02-10 08:10:37",STOP:Entrance|Entering
"2017-02-10 08:10:41",START:Staircase|Going_up
"2017-02-10 08:11:00",STOP:Staircase|Going_up
"2017-02-10 08:11:07",START:Bathroom|Showering
"2017-02-10 08:26:55",STOP:Bathroom|Showering
"2017-02-10 08:27:03",START:Bathroom|Using_the_sink
"2017-02-10 08:30:47",STOP:Bathroom|Using_the_sink
"2017-02-10 08:30:55",START:Staircase|Going_down
"2017-02-10 08:31:12",STOP:Staircase|Going_down
"2017-02-10 08:31:18",START:Living_room|Watching_TV
"2017-02-10 08:56:55",STOP:Living_room|Watching_TV
"2017-02-10 08:56:59",START:Staircase|Going_up
"2017-02-10 08:57:13",STOP:Staircase|Going_up
"2017-02-10 08:57:17",START:Office|Computing
"2017-02-10 11:48:17",STOP:Office|Computing
"2017-02-10 11:48:23",START:Staircase|Going_down
"2017-02-10 11:48:38",STOP:Staircase|Going_down
"2017-02-10 11:48:50",START:Kitchen|Preparing
"2017-02-10 11:49:49",STOP:Kitchen|Preparing
"2017-02-10 11:49:57",START:Kitchen|Cooking
"2017-02-10 11:59:14",STOP:Kitchen|Cooking
"2017-02-10 11:59:25",START:Living_room|Eating
"2017-02-10 12:14:40",STOP:Living_room|Eating
"2017-02-10 12:14:48",START:Kitchen|Washing_the_dishes
"2017-02-10 12:18:54",STOP:Kitchen|Washing_the_dishes
"2017-02-10 12:19:00",START:Living_room|Cleaning
"2017-02-10 12:19:58",STOP:Living_room|Cleaning
"2017-02-10 12:20:03",START:Kitchen|Cleaning
"2017-02-10 12:21:49",STOP:Kitchen|Cleaning
"2017-02-10 12:21:53",START:Staircase|Going_up
"2017-02-10 12:22:15",STOP:Staircase|Going_up
"2017-02-10 12:22:27",START:Bathroom|Using_the_toilet
"2017-02-10 12:24:31",STOP:Bathroom|Using_the_toilet
"2017-02-10 12:24:35",START:Bathroom|Using_the_sink
"2017-02-10 12:26:50",STOP:Bathroom|Using_the_sink
"2017-02-10 12:26:56",START:Bathroom|Cleaning
"2017-02-10 12:28:59",STOP:Bathroom|Cleaning
"2017-02-10 12:29:07",START:Bedroom|Cleaning
"2017-02-10 12:30:40",STOP:Bedroom|Cleaning
"2017-02-10 12:31:16",START:Office|Computing
"2017-02-10 15:39:21",STOP:Office|Computing
"2017-02-10 15:39:27",START:Bathroom|Using_the_toilet
"2017-02-10 15:45:34",STOP:Bathroom|Using_the_toilet
"2017-02-10 15:45:43",START:Office|Computing
"2017-02-10 16:47:03",STOP:Office|Computing
"2017-02-10 16:47:08",START:Office|Cleaning
"2017-02-10 16:49:19",STOP:Office|Cleaning
"2017-02-10 16:49:24",START:Staircase|Going_down
"2017-02-10 16:49:38",STOP:Staircase|Going_down
"2017-02-10 16:49:43",START:Entrance|Leaving
"2017-02-10 16:50:29",STOP:Entrance|Leaving
"2017-02-13 08:06:51",START:Entrance|Entering
"2017-02-13 08:08:41",STOP:Entrance|Entering
"2017-02-13 08:08:45",START:Staircase|Going_up
"2017-02-13 08:09:02",STOP:Staircase|Going_up
"2017-02-13 08:09:07",START:Bathroom|Showering
"2017-02-13 08:24:27",STOP:Bathroom|Showering
"2017-02-13 08:24:30",START:Bathroom|Using_the_sink
"2017-02-13 08:27:52",STOP:Bathroom|Using_the_sink
"2017-02-13 08:27:56",START:Staircase|Going_down
"2017-02-13 08:28:14",STOP:Staircase|Going_down
"2017-02-13 08:28:20",START:Living_room|Watching_TV
"2017-02-13 08:56:17",STOP:Living_room|Watching_TV
"2017-02-13 08:56:21",START:Staircase|Going_up
"2017-02-13 08:56:35",STOP:Staircase|Going_up
"2017-02-13 08:56:38",START:Office|Computing
"2017-02-13 12:15:48",STOP:Office|Computing
"2017-02-13 12:15:52",START:Staircase|Going_down
"2017-02-13 12:16:14",STOP:Staircase|Going_down
"2017-02-13 12:16:30",START:Kitchen|Preparing
"2017-02-13 12:17:53",STOP:Kitchen|Preparing
"2017-02-13 12:17:57",START:Kitchen|Cooking
"2017-02-13 12:27:15",STOP:Kitchen|Cooking
"2017-02-13 12:27:23",START:Living_room|Eating
"2017-02-13 12:38:25",STOP:Living_room|Eating
"2017-02-13 12:38:30",START:Kitchen|Washing_the_dishes
"2017-02-13 12:43:33",STOP:Kitchen|Washing_the_dishes
"2017-02-13 12:43:39",START:Living_room|Cleaning
"2017-02-13 12:44:40",STOP:Living_room|Cleaning
"2017-02-13 12:44:43",START:Living_room|Computing
"2017-02-13 13:17:43",STOP:Living_room|Computing
"2017-02-13 13:17:47",START:Staircase|Going_up
"2017-02-13 13:18:12",STOP:Staircase|Going_up
"2017-02-13 13:18:18",START:Bathroom|Using_the_sink
"2017-02-13 13:21:06",STOP:Bathroom|Using_the_sink
"2017-02-13 13:21:15",START:Bedroom|Dressing
"2017-02-13 13:22:08",STOP:Bedroom|Dressing
"2017-02-13 13:22:14",START:Bedroom|Reading
"2017-02-13 13:46:42",STOP:Bedroom|Reading
"2017-02-13 13:46:47",START:Bedroom|Napping
"2017-02-13 14:18:48",STOP:Bedroom|Napping
"2017-02-13 14:18:52",START:Bedroom|Dressing
"2017-02-13 14:20:04",STOP:Bedroom|Dressing
"2017-02-13 14:20:15",START:Office|Computing
"2017-02-13 15:36:07",STOP:Office|Computing
"2017-02-13 15:36:11",START:Office|Watching_TV
"2017-02-13 15:50:42",STOP:Office|Watching_TV
"2017-02-13 15:50:46",START:Staircase|Going_down
"2017-02-13 15:51:01",STOP:Staircase|Going_down
"2017-02-13 15:51:06",START:Entrance|Leaving
"2017-02-13 15:53:19",STOP:Entrance|Leaving
"2017-02-14 08:30:59",START:Entrance|Entering
"2017-02-14 08:32:15",STOP:Entrance|Entering
"2017-02-14 08:32:20",START:Staircase|Going_up
"2017-02-14 08:32:39",STOP:Staircase|Going_up
"2017-02-14 08:32:44",START:Bathroom|Showering
"2017-02-14 08:49:13",STOP:Bathroom|Showering
"2017-02-14 08:49:16",START:Bathroom|Using_the_sink
"2017-02-14 08:53:01",STOP:Bathroom|Using_the_sink
"2017-02-14 08:53:06",START:Staircase|Going_down
"2017-02-14 08:53:22",STOP:Staircase|Going_down
"2017-02-14 08:53:28",START:Living_room|Watching_TV
"2017-02-14 09:21:59",STOP:Living_room|Watching_TV
"2017-02-14 09:22:03",START:Staircase|Going_up
"2017-02-14 09:22:20",STOP:Staircase|Going_up
"2017-02-14 09:22:28",START:Office|Computing
"2017-02-14 12:18:48",STOP:Office|Computing
"2017-02-14 12:18:54",START:Staircase|Going_down
"2017-02-14 12:19:11",STOP:Staircase|Going_down
"2017-02-14 12:19:42",START:Kitchen|Preparing
"2017-02-14 12:21:12",STOP:Kitchen|Preparing
"2017-02-14 12:21:24",START:Kitchen|Cooking
"2017-02-14 12:35:54",STOP:Kitchen|Cooking
"2017-02-14 12:35:57",START:Living_room|Eating
"2017-02-14 12:44:20",STOP:Living_room|Eating
"2017-02-14 12:44:25",START:Kitchen|Washing_the_dishes
"2017-02-14 12:50:13",STOP:Kitchen|Washing_the_dishes
"2017-02-14 12:50:19",START:Living_room|Cleaning
"2017-02-14 12:51:29",STOP:Living_room|Cleaning
"2017-02-14 12:51:33",START:Living_room|Computing
"2017-02-14 13:21:28",STOP:Living_room|Computing
"2017-02-14 13:21:33",START:Staircase|Going_up
"2017-02-14 13:22:01",STOP:Staircase|Going_up
"2017-02-14 13:22:05",START:Bathroom|Using_the_sink
"2017-02-14 13:25:00",STOP:Bathroom|Using_the_sink
"2017-02-14 13:25:05",START:Bedroom|Dressing
"2017-02-14 13:25:59",STOP:Bedroom|Dressing
"2017-02-14 13:26:04",START:Bedroom|Reading
"2017-02-14 13:51:02",STOP:Bedroom|Reading
"2017-02-14 13:51:06",START:Bedroom|Napping
"2017-02-14 14:12:06",STOP:Bedroom|Napping
"2017-02-14 14:12:09",START:Bedroom|Dressing
"2017-02-14 14:13:22",STOP:Bedroom|Dressing
"2017-02-14 14:13:26",START:Office|Computing
"2017-02-14 16:57:02",STOP:Office|Computing
"2017-02-14 16:57:06",START:Office|Watching_TV
"2017-02-14 17:15:22",STOP:Office|Watching_TV
"2017-02-14 17:15:26",START:Staircase|Going_down
"2017-02-14 17:15:39",STOP:Staircase|Going_down
"2017-02-14 17:15:43",START:Entrance|Leaving
"2017-02-14 17:16:25",STOP:Entrance|Leaving
"2017-02-15 08:17:18",START:Entrance|Entering
"2017-02-15 08:19:01",STOP:Entrance|Entering
"2017-02-15 08:19:05",START:Staircase|Going_up
"2017-02-15 08:19:27",STOP:Staircase|Going_up
"2017-02-15 08:19:32",START:Bathroom|Showering
"2017-02-15 08:34:13",STOP:Bathroom|Showering
"2017-02-15 08:34:17",START:Bathroom|Using_the_sink
"2017-02-15 08:36:59",STOP:Bathroom|Using_the_sink
"2017-02-15 08:37:04",START:Office|Computing
"2017-02-15 11:46:08",STOP:Office|Computing
"2017-02-15 11:46:13",START:Staircase|Going_down
"2017-02-15 11:46:29",STOP:Staircase|Going_down
"2017-02-15 11:46:44",START:Kitchen|Preparing
"2017-02-15 11:47:41",STOP:Kitchen|Preparing
"2017-02-15 11:47:44",START:Kitchen|Cooking
"2017-02-15 11:57:10",STOP:Kitchen|Cooking
"2017-02-15 11:57:22",START:Living_room|Eating
"2017-02-15 12:07:16",STOP:Living_room|Eating
"2017-02-15 12:07:21",START:Kitchen|Washing_the_dishes
"2017-02-15 12:13:19",STOP:Kitchen|Washing_the_dishes
"2017-02-15 12:13:25",START:Living_room|Cleaning
"2017-02-15 12:14:16",STOP:Living_room|Cleaning
"2017-02-15 12:14:32",START:Living_room|Computing
"2017-02-15 12:54:08",STOP:Living_room|Computing
"2017-02-15 12:54:13",START:Toilet|Using_the_toilet
"2017-02-15 12:55:54",STOP:Toilet|Using_the_toilet
"2017-02-15 12:56:13",START:Staircase|Going_up
"2017-02-15 12:56:36",STOP:Staircase|Going_up
"2017-02-15 12:56:39",START:Bathroom|Using_the_sink
"2017-02-15 12:59:33",STOP:Bathroom|Using_the_sink
"2017-02-15 12:59:38",START:Bedroom|Dressing
"2017-02-15 13:00:40",STOP:Bedroom|Dressing
"2017-02-15 13:00:44",START:Bedroom|Reading
"2017-02-15 13:25:35",STOP:Bedroom|Reading
"2017-02-15 13:25:39",START:Bedroom|Napping
"2017-02-15 13:46:17",STOP:Bedroom|Napping
"2017-02-15 13:46:21",START:Bedroom|Dressing
"2017-02-15 13:47:22",STOP:Bedroom|Dressing
"2017-02-15 13:47:26",START:Office|Computing
"2017-02-15 16:36:50",STOP:Office|Computing
"2017-02-15 16:36:55",START:Office|Watching_TV
"2017-02-15 16:58:56",STOP:Office|Watching_TV
"2017-02-15 16:59:01",START:Staircase|Going_down
"2017-02-15 16:59:12",STOP:Staircase|Going_down
"2017-02-15 16:59:16",START:Entrance|Leaving
"2017-02-15 16:59:59",STOP:Entrance|Leaving
"2017-02-16 08:01:34",START:Entrance|Entering
"2017-02-16 08:03:07",STOP:Entrance|Entering
"2017-02-16 08:03:10",START:Staircase|Going_up
"2017-02-16 08:03:31",STOP:Staircase|Going_up
"2017-02-16 08:03:37",START:Bathroom|Showering
"2017-02-16 08:21:35",STOP:Bathroom|Showering
"2017-02-16 08:21:40",START:Bathroom|Using_the_sink
"2017-02-16 08:25:17",STOP:Bathroom|Using_the_sink
"2017-02-16 08:25:21",START:Staircase|Going_down
"2017-02-16 08:25:39",STOP:Staircase|Going_down
"2017-02-16 08:25:45",START:Living_room|Watching_TV
"2017-02-16 08:56:08",STOP:Living_room|Watching_TV
"2017-02-16 08:56:13",START:Staircase|Going_up
"2017-02-16 08:56:30",STOP:Staircase|Going_up
"2017-02-16 08:56:43",START:Office|Computing
"2017-02-16 11:47:22",STOP:Office|Computing
"2017-02-16 11:47:28",START:Staircase|Going_down
"2017-02-16 11:47:44",STOP:Staircase|Going_down
"2017-02-16 11:47:59",START:Kitchen|Preparing
"2017-02-16 11:49:14",STOP:Kitchen|Preparing
"2017-02-16 11:49:17",START:Kitchen|Cooking
"2017-02-16 11:57:57",STOP:Kitchen|Cooking
"2017-02-16 11:58:01",START:Living_room|Eating
"2017-02-16 12:06:53",STOP:Living_room|Eating
"2017-02-16 12:06:58",START:Kitchen|Washing_the_dishes
"2017-02-16 12:12:15",STOP:Kitchen|Washing_the_dishes
"2017-02-16 12:12:23",START:Living_room|Cleaning
"2017-02-16 12:13:30",STOP:Living_room|Cleaning
"2017-02-16 12:13:34",START:Toilet|Using_the_toilet
"2017-02-16 12:15:20",STOP:Toilet|Using_the_toilet
"2017-02-16 12:15:47",START:Living_room|Computing
"2017-02-16 12:51:28",STOP:Living_room|Computing
"2017-02-16 12:51:32",START:Staircase|Going_up
"2017-02-16 12:51:59",STOP:Staircase|Going_up
"2017-02-16 12:52:03",START:Bathroom|Using_the_sink
"2017-02-16 12:55:09",STOP:Bathroom|Using_the_sink
"2017-02-16 12:55:19",START:Bedroom|Dressing
"2017-02-16 12:56:17",STOP:Bedroom|Dressing
"2017-02-16 12:56:20",START:Bedroom|Reading
"2017-02-16 13:28:23",STOP:Bedroom|Reading
"2017-02-16 13:28:27",START:Bedroom|Napping
"2017-02-16 13:49:48",STOP:Bedroom|Napping
"2017-02-16 13:49:51",START:Bedroom|Dressing
"2017-02-16 13:51:00",STOP:Bedroom|Dressing
"2017-02-16 13:51:05",START:Office|Computing
"2017-02-16 15:39:02",STOP:Office|Computing
"2017-02-16 15:39:08",START:Bathroom|Using_the_toilet
"2017-02-16 15:42:49",STOP:Bathroom|Using_the_toilet
"2017-02-16 15:42:54",START:Office|Computing
"2017-02-16 16:39:57",STOP:Office|Computing
"2017-02-16 16:40:02",START:Office|Watching_TV
"2017-02-16 16:56:51",STOP:Office|Watching_TV
"2017-02-16 16:56:55",START:Staircase|Going_down
"2017-02-16 16:57:10",STOP:Staircase|Going_down
"2017-02-16 16:57:15",START:Entrance|Leaving
"2017-02-16 16:58:05",STOP:Entrance|Leaving
"2017-02-17 07:59:33",START:Entrance|Entering
"2017-02-17 08:00:47",STOP:Entrance|Entering
"2017-02-17 08:00:51",START:Staircase|Going_up
"2017-02-17 08:01:07",STOP:Staircase|Going_up
"2017-02-17 08:01:13",START:Bathroom|Showering
"2017-02-17 08:21:35",STOP:Bathroom|Showering
"2017-02-17 08:21:40",START:Bathroom|Using_the_sink
"2017-02-17 08:24:45",STOP:Bathroom|Using_the_sink
"2017-02-17 08:24:53",START:Staircase|Going_down
"2017-02-17 08:25:10",STOP:Staircase|Going_down
"2017-02-17 08:25:16",START:Living_room|Watching_TV
"2017-02-17 08:56:06",STOP:Living_room|Watching_TV
"2017-02-17 08:56:10",START:Staircase|Going_up
"2017-02-17 08:56:23",STOP:Staircase|Going_up
"2017-02-17 08:56:27",START:Office|Computing
"2017-02-17 11:46:34",STOP:Office|Computing
"2017-02-17 11:46:39",START:Staircase|Going_down
"2017-02-17 11:46:55",STOP:Staircase|Going_down
"2017-02-17 11:47:01",START:Kitchen|Preparing
"2017-02-17 11:48:37",STOP:Kitchen|Preparing
"2017-02-17 11:48:41",START:Kitchen|Cooking
"2017-02-17 12:01:41",STOP:Kitchen|Cooking
"2017-02-17 12:01:50",START:Living_room|Eating
"2017-02-17 12:10:54",STOP:Living_room|Eating
"2017-02-17 12:10:57",START:Kitchen|Washing_the_dishes
"2017-02-17 12:15:20",STOP:Kitchen|Washing_the_dishes
"2017-02-17 12:15:26",START:Living_room|Cleaning
"2017-02-17 12:16:35",STOP:Living_room|Cleaning
"2017-02-17 12:16:45",START:Kitchen|Cleaning
"2017-02-17 12:18:34",STOP:Kitchen|Cleaning
"2017-02-17 12:18:42",START:Toilet|Using_the_toilet
"2017-02-17 12:19:43",STOP:Toilet|Using_the_toilet
"2017-02-17 12:19:50",START:Staircase|Going_up
"2017-02-17 12:20:09",STOP:Staircase|Going_up
"2017-02-17 12:20:16",START:Bathroom|Using_the_sink
"2017-02-17 12:22:53",STOP:Bathroom|Using_the_sink
"2017-02-17 12:23:26",START:Bathroom|Cleaning
"2017-02-17 12:26:29",STOP:Bathroom|Cleaning
"2017-02-17 12:26:35",START:Bedroom|Cleaning
"2017-02-17 12:28:40",STOP:Bedroom|Cleaning
"2017-02-17 12:28:52",START:Office|Computing
"2017-02-17 16:46:34",STOP:Office|Computing
"2017-02-17 16:46:38",START:Office|Cleaning
"2017-02-17 16:48:59",STOP:Office|Cleaning
"2017-02-17 16:49:04",START:Staircase|Going_down
"2017-02-17 16:49:18",STOP:Staircase|Going_down
"2017-02-17 16:49:23",START:Entrance|Leaving
"2017-02-17 16:50:08",STOP:Entrance|Leaving
"2017-02-20 08:54:00",START:Entrance|Entering
"2017-02-20 08:56:18",STOP:Entrance|Entering
"2017-02-20 08:56:22",START:Staircase|Going_up
"2017-02-20 08:56:41",STOP:Staircase|Going_up
"2017-02-20 08:56:58",START:Office|Computing
"2017-02-20 11:43:17",STOP:Office|Computing
"2017-02-20 11:43:31",START:Staircase|Going_down
"2017-02-20 11:43:47",STOP:Staircase|Going_down
"2017-02-20 11:44:17",START:Kitchen|Preparing
"2017-02-20 11:45:52",STOP:Kitchen|Preparing
"2017-02-20 11:45:58",START:Kitchen|Cooking
"2017-02-20 11:55:42",STOP:Kitchen|Cooking
"2017-02-20 11:56:11",START:Living_room|Eating
"2017-02-20 12:07:59",STOP:Living_room|Eating
"2017-02-20 12:08:03",START:Kitchen|Washing_the_dishes
"2017-02-20 12:13:52",STOP:Kitchen|Washing_the_dishes
"2017-02-20 12:13:56",START:Living_room|Cleaning
"2017-02-20 12:14:49",STOP:Living_room|Cleaning
"2017-02-20 12:14:52",START:Toilet|Using_the_toilet
"2017-02-20 12:18:46",STOP:Toilet|Using_the_toilet
"2017-02-20 12:18:52",START:Living_room|Computing
"2017-02-20 12:47:08",STOP:Living_room|Computing
"2017-02-20 12:47:11",START:Staircase|Going_up
"2017-02-20 12:47:40",STOP:Staircase|Going_up
"2017-02-20 12:47:43",START:Bathroom|Using_the_sink
"2017-02-20 12:50:23",STOP:Bathroom|Using_the_sink
"2017-02-20 12:50:30",START:Bedroom|Dressing
"2017-02-20 12:51:26",STOP:Bedroom|Dressing
"2017-02-20 12:51:30",START:Bedroom|Reading
"2017-02-20 13:25:55",STOP:Bedroom|Reading
"2017-02-20 13:25:58",START:Bedroom|Napping
"2017-02-20 13:46:18",STOP:Bedroom|Napping
"2017-02-20 13:46:21",START:Bedroom|Dressing
"2017-02-20 13:47:30",STOP:Bedroom|Dressing
"2017-02-20 13:47:34",START:Office|Computing
"2017-02-20 16:27:43",STOP:Office|Computing
"2017-02-20 16:27:47",START:Office|Watching_TV
"2017-02-20 16:51:12",STOP:Office|Watching_TV
"2017-02-20 16:51:16",START:Staircase|Going_down
"2017-02-20 16:51:28",STOP:Staircase|Going_down
"2017-02-20 16:51:33",START:Entrance|Leaving
"2017-02-20 16:52:25",STOP:Entrance|Leaving
"2017-02-21 08:04:15",START:Entrance|Entering
"2017-02-21 08:05:28",STOP:Entrance|Entering
"2017-02-21 08:05:32",START:Staircase|Going_up
"2017-02-21 08:05:49",STOP:Staircase|Going_up
"2017-02-21 08:05:54",START:Bathroom|Showering
"2017-02-21 08:24:17",STOP:Bathroom|Showering
"2017-02-21 08:24:23",START:Bathroom|Using_the_sink
"2017-02-21 08:27:48",STOP:Bathroom|Using_the_sink
"2017-02-21 08:27:53",START:Staircase|Going_down
"2017-02-21 08:28:08",STOP:Staircase|Going_down
"2017-02-21 08:28:14",START:Living_room|Watching_TV
"2017-02-21 08:57:03",STOP:Living_room|Watching_TV
"2017-02-21 08:57:07",START:Staircase|Going_up
"2017-02-21 08:57:21",STOP:Staircase|Going_up
"2017-02-21 08:57:28",START:Office|Computing
"2017-02-21 12:11:17",STOP:Office|Computing
"2017-02-21 12:11:22",START:Staircase|Going_down
"2017-02-21 12:11:35",STOP:Staircase|Going_down
"2017-02-21 12:11:59",START:Entrance|Leaving
"2017-02-21 12:12:38",STOP:Entrance|Leaving
"2017-02-21 13:25:59",START:Entrance|Entering
"2017-02-21 13:26:58",STOP:Entrance|Entering
"2017-02-21 13:27:02",START:Staircase|Going_up
"2017-02-21 13:27:16",STOP:Staircase|Going_up
"2017-02-21 13:27:19",START:Office|Computing
"2017-02-21 14:09:09",STOP:Office|Computing
"2017-02-21 14:09:16",START:Bathroom|Using_the_toilet
"2017-02-21 14:13:41",STOP:Bathroom|Using_the_toilet
"2017-02-21 14:13:45",START:Office|Computing
"2017-02-21 16:28:25",STOP:Office|Computing
"2017-02-21 16:28:30",START:Staircase|Going_down
"2017-02-21 16:28:42",STOP:Staircase|Going_down
"2017-02-21 16:28:47",START:Entrance|Leaving
"2017-02-21 16:29:42",STOP:Entrance|Leaving
"2017-02-22 08:07:02",START:Entrance|Entering
"2017-02-22 08:08:25",STOP:Entrance|Entering
"2017-02-22 08:08:28",START:Staircase|Going_up
"2017-02-22 08:08:46",STOP:Staircase|Going_up
"2017-02-22 08:08:53",START:Bathroom|Showering
"2017-02-22 08:26:45",STOP:Bathroom|Showering
"2017-02-22 08:26:50",START:Bathroom|Using_the_sink
"2017-02-22 08:30:56",STOP:Bathroom|Using_the_sink
"2017-02-22 08:30:59",START:Staircase|Going_down
"2017-02-22 08:31:13",STOP:Staircase|Going_down
"2017-02-22 08:31:19",START:Living_room|Watching_TV
"2017-02-22 08:55:57",STOP:Living_room|Watching_TV
"2017-02-22 08:56:01",START:Staircase|Going_up
"2017-02-22 08:56:15",STOP:Staircase|Going_up
"2017-02-22 08:56:19",START:Office|Computing
"2017-02-22 11:41:02",STOP:Office|Computing
"2017-02-22 11:41:07",START:Staircase|Going_down
"2017-02-22 11:41:24",STOP:Staircase|Going_down
"2017-02-22 11:42:09",START:Kitchen|Preparing
"2017-02-22 11:44:26",STOP:Kitchen|Preparing
"2017-02-22 11:44:30",START:Kitchen|Cooking
"2017-02-22 11:56:21",STOP:Kitchen|Cooking
"2017-02-22 11:56:35",START:Living_room|Eating
"2017-02-22 12:08:27",STOP:Living_room|Eating
"2017-02-22 12:09:10",START:Kitchen|Washing_the_dishes
"2017-02-22 12:14:05",STOP:Kitchen|Washing_the_dishes
"2017-02-22 12:14:10",START:Living_room|Cleaning
"2017-02-22 12:15:07",STOP:Living_room|Cleaning
"2017-02-22 12:15:12",START:Living_room|Computing
"2017-02-22 12:59:03",STOP:Living_room|Computing
"2017-02-22 12:59:07",START:Staircase|Going_up
"2017-02-22 12:59:30",STOP:Staircase|Going_up
"2017-02-22 12:59:35",START:Bathroom|Using_the_sink
"2017-02-22 13:03:03",STOP:Bathroom|Using_the_sink
"2017-02-22 13:03:29",START:Bedroom|Dressing
"2017-02-22 13:04:35",STOP:Bedroom|Dressing
"2017-02-22 13:04:40",START:Bedroom|Reading
"2017-02-22 13:22:01",STOP:Bedroom|Reading
"2017-02-22 13:22:04",START:Bedroom|Napping
"2017-02-22 14:28:25",STOP:Bedroom|Napping
"2017-02-22 14:28:31",START:Bedroom|Dressing
"2017-02-22 14:29:36",STOP:Bedroom|Dressing
"2017-02-22 14:29:41",START:Office|Computing
"2017-02-22 16:51:41",STOP:Office|Computing
"2017-02-22 16:51:46",START:Staircase|Going_down
"2017-02-22 16:52:00",STOP:Staircase|Going_down
"2017-02-22 16:52:05",START:Entrance|Leaving
"2017-02-22 16:52:53",STOP:Entrance|Leaving
"2017-02-23 08:07:37",START:Entrance|Entering
"2017-02-23 08:09:18",STOP:Entrance|Entering
"2017-02-23 08:09:52",START:Living_room|Watching_TV
"2017-02-23 08:25:10",STOP:Living_room|Watching_TV
"2017-02-23 08:25:14",START:Staircase|Going_up
"2017-02-23 08:25:39",STOP:Staircase|Going_up
"2017-02-23 08:25:47",START:Bathroom|Showering
"2017-02-23 08:45:55",STOP:Bathroom|Showering
"2017-02-23 08:46:01",START:Bathroom|Using_the_sink
"2017-02-23 08:48:12",STOP:Bathroom|Using_the_sink
"2017-02-23 08:49:24",START:Office|Computing
"2017-02-23 11:47:27",STOP:Office|Computing
"2017-02-23 11:47:32",START:Staircase|Going_down
"2017-02-23 11:47:48",STOP:Staircase|Going_down
"2017-02-23 11:48:00",START:Kitchen|Preparing
"2017-02-23 11:49:14",STOP:Kitchen|Preparing
"2017-02-23 11:49:16",START:Kitchen|Cooking
"2017-02-23 11:58:45",STOP:Kitchen|Cooking
"2017-02-23 11:58:50",START:Living_room|Eating
"2017-02-23 12:10:37",STOP:Living_room|Eating
"2017-02-23 12:10:42",START:Kitchen|Washing_the_dishes
"2017-02-23 12:16:05",STOP:Kitchen|Washing_the_dishes
"2017-02-23 12:16:09",START:Living_room|Cleaning
"2017-02-23 12:17:06",STOP:Living_room|Cleaning
"2017-02-23 12:17:12",START:Living_room|Computing
"2017-02-23 12:47:52",STOP:Living_room|Computing
"2017-02-23 12:47:56",START:Staircase|Going_up
"2017-02-23 12:48:20",STOP:Staircase|Going_up
"2017-02-23 12:48:24",START:Bathroom|Using_the_sink
"2017-02-23 12:51:31",STOP:Bathroom|Using_the_sink
"2017-02-23 12:51:37",START:Bedroom|Dressing
"2017-02-23 12:52:36",STOP:Bedroom|Dressing
"2017-02-23 12:52:41",START:Bedroom|Reading
"2017-02-23 13:15:58",STOP:Bedroom|Reading
"2017-02-23 13:16:03",START:Bedroom|Napping
"2017-02-23 13:38:04",STOP:Bedroom|Napping
"2017-02-23 13:38:11",START:Bedroom|Dressing
"2017-02-23 13:39:33",STOP:Bedroom|Dressing
"2017-02-23 13:39:39",START:Office|Computing
"2017-02-23 16:33:54",STOP:Office|Computing
"2017-02-23 16:33:57",START:Office|Watching_TV
"2017-02-23 16:55:28",STOP:Office|Watching_TV
"2017-02-23 16:55:33",START:Staircase|Going_down
"2017-02-23 16:55:44",STOP:Staircase|Going_down
"2017-02-23 16:55:49",START:Entrance|Leaving
"2017-02-23 16:56:39",STOP:Entrance|Leaving
"2017-02-24 08:11:39",START:Entrance|Entering
"2017-02-24 08:13:00",STOP:Entrance|Entering
"2017-02-24 08:13:03",START:Staircase|Going_up
"2017-02-24 08:13:20",STOP:Staircase|Going_up
"2017-02-24 08:13:23",START:Bathroom|Showering
"2017-02-24 08:28:11",STOP:Bathroom|Showering
"2017-02-24 08:28:17",START:Bathroom|Using_the_sink
"2017-02-24 08:31:46",STOP:Bathroom|Using_the_sink
"2017-02-24 08:31:50",START:Staircase|Going_down
"2017-02-24 08:32:09",STOP:Staircase|Going_down
"2017-02-24 08:32:14",START:Living_room|Watching_TV
"2017-02-24 08:55:00",STOP:Living_room|Watching_TV
"2017-02-24 08:55:04",START:Staircase|Going_up
"2017-02-24 08:55:19",STOP:Staircase|Going_up
"2017-02-24 08:55:22",START:Office|Computing
"2017-02-24 11:56:45",STOP:Office|Computing
"2017-02-24 11:57:47",START:Staircase|Going_down
"2017-02-24 11:58:04",STOP:Staircase|Going_down
"2017-02-24 11:58:36",START:Kitchen|Preparing
"2017-02-24 11:59:38",STOP:Kitchen|Preparing
"2017-02-24 11:59:47",START:Kitchen|Cooking
"2017-02-24 12:07:08",STOP:Kitchen|Cooking
"2017-02-24 12:07:26",START:Living_room|Eating
"2017-02-24 12:17:47",STOP:Living_room|Eating
"2017-02-24 12:17:53",START:Kitchen|Washing_the_dishes
"2017-02-24 12:23:06",STOP:Kitchen|Washing_the_dishes
"2017-02-24 12:23:11",START:Living_room|Cleaning
"2017-02-24 12:24:16",STOP:Living_room|Cleaning
"2017-02-24 12:24:22",START:Kitchen|Cleaning
"2017-02-24 12:26:40",STOP:Kitchen|Cleaning
"2017-02-24 12:26:53",START:Staircase|Going_up
"2017-02-24 12:27:11",STOP:Staircase|Going_up
"2017-02-24 12:27:15",START:Bathroom|Using_the_sink
"2017-02-24 12:30:15",STOP:Bathroom|Using_the_sink
"2017-02-24 12:30:21",START:Bathroom|Using_the_toilet
"2017-02-24 12:32:44",STOP:Bathroom|Using_the_toilet
"2017-02-24 12:32:58",START:Bathroom|Cleaning
"2017-02-24 12:34:54",STOP:Bathroom|Cleaning
"2017-02-24 12:35:10",START:Office|Computing
"2017-02-24 16:37:00",STOP:Office|Computing
"2017-02-24 16:37:03",START:Office|Cleaning
"2017-02-24 16:39:55",STOP:Office|Cleaning
"2017-02-24 16:40:00",START:Staircase|Going_down
"2017-02-24 16:40:15",STOP:Staircase|Going_down
"2017-02-24 16:40:20",START:Entrance|Leaving
"2017-02-24 16:41:16",STOP:Entrance|Leaving
